-- phpMyAdmin SQL Dump
-- version 5.2.1
-- https://www.phpmyadmin.net/
--
-- Host: localhost:8889
-- Generation Time: Apr 04, 2026 at 09:47 AM
-- Server version: 8.0.40
-- PHP Version: 8.3.14

SET SQL_MODE = "NO_AUTO_VALUE_ON_ZERO";
START TRANSACTION;
SET time_zone = "+00:00";


/*!40101 SET @OLD_CHARACTER_SET_CLIENT=@@CHARACTER_SET_CLIENT */;
/*!40101 SET @OLD_CHARACTER_SET_RESULTS=@@CHARACTER_SET_RESULTS */;
/*!40101 SET @OLD_COLLATION_CONNECTION=@@COLLATION_CONNECTION */;
/*!40101 SET NAMES utf8mb4 */;

--
-- Database: `new_learning_game`
--

-- --------------------------------------------------------

--
-- Table structure for table `games`
--

CREATE TABLE `games` (
  `id` int NOT NULL,
  `code` varchar(50) NOT NULL,
  `title` varchar(255) NOT NULL,
  `description` text,
  `learning_topic` varchar(255) DEFAULT NULL,
  `instruction_html` text,
  `created_at` timestamp NULL DEFAULT CURRENT_TIMESTAMP
) ENGINE=InnoDB DEFAULT CHARSET=utf8mb4 COLLATE=utf8mb4_0900_ai_ci;

--
-- Dumping data for table `games`
--

INSERT INTO `games` (`id`, `code`, `title`, `description`, `learning_topic`, `instruction_html`, `created_at`) VALUES
(1, 'logic', 'ตรรกะคัดแยก (Logic)', 'ฝึกการคิดเชิงตรรกะและการจำแนกเงื่อนไข โดยแยกแยะเมล็ดพันธุ์ ปุ๋ย และวัชพืชให้ถูกต้องตามโจทย์', 'การคิดเชิงตรรกะและการจำแนกเงื่อนไข', '<div class=\"text-center\"><h4>ภารกิจฟาร์มแก้ปัญหา</h4><p>สังเกตเงื่อนไข แยกแยะข้อมูล และเลือกคำตอบอย่างมีเหตุผล</p></div>', '2026-03-03 19:33:20'),
(2, 'algorithm', 'เส้นทางเดินรถไถ (Sequence)', 'ฝึกการเรียงลำดับขั้นตอน โดยวางแผนคำสั่งให้รถไถเดินทางไปถึงเป้าหมายอย่างถูกต้อง', 'การเรียงลำดับขั้นตอน', '<div class=\"text-center\"><h4>ภารกิจฟาร์มแก้ปัญหา</h4><p>ช่วยกันวางแผนและเรียงบล็อกคำสั่งพารถไถเข้าเป้าหมาย</p></div>', '2026-03-03 19:33:20'),
(3, 'condition', 'บทที่ 3: ผู้จัดการฟาร์มอัจฉริยะ', 'ฝึกใช้เงื่อนไข If / Else / Else If เพื่อคัดแยกผลผลิตจากพืชผัก ผลไม้ และผลผลิตจากสัตว์ ด้วยระบบสายพานฟาร์มอัจฉริยะ', 'การใช้เงื่อนไข', '<div class=\"text-center\"><h4>Smart Farm Manager</h4><p>ลากบล็อกเงื่อนไขและคำสั่งเพื่อคัดแยกผลผลิตจากพืชผัก ผลไม้ และผลผลิตจากสัตว์</p></div>', '2026-03-03 19:33:20'),
(4, 'debugging', 'กู้วิกฤตฟาร์ม (Debugging)', 'ฝึกการตรวจสอบและแก้ไขข้อผิดพลาดในชุดคำสั่ง เพื่อกู้สถานการณ์ให้กลับมาถูกต้อง', 'การตรวจสอบและแก้ไขข้อผิดพลาด', '<div class=\"text-center\"><h4>ภารกิจฟาร์มแก้ปัญหา</h4><p>ช่วยกันวิเคราะห์คำสั่งที่ผิดพลาดและปรับแก้ให้ถูกต้อง</p></div>', '2026-03-03 19:33:20');

-- --------------------------------------------------------

--
-- Table structure for table `game_logs`
--

CREATE TABLE `game_logs` (
  `id` int NOT NULL,
  `user_id` int NOT NULL,
  `stage_id` int NOT NULL,
  `action` enum('start','submit','hint','pass','fail') NOT NULL,
  `detail` text,
  `logged_at` timestamp NULL DEFAULT CURRENT_TIMESTAMP
) ENGINE=InnoDB DEFAULT CHARSET=utf8mb4 COLLATE=utf8mb4_0900_ai_ci;

--
-- Dumping data for table `game_logs`
--

-- Demo/progress data is generated by database/multi_school_migration.sql.

-- --------------------------------------------------------

--
-- Table structure for table `progress`
--

CREATE TABLE `progress` (
  `id` int NOT NULL,
  `user_id` int NOT NULL,
  `stage_id` int NOT NULL,
  `score` int DEFAULT '0' COMMENT 'จำนวนดาวที่ได้ (0-3)',
  `duration_seconds` int DEFAULT '0' COMMENT 'เวลาที่ใช้เล่น (วินาที)',
  `attempts` int DEFAULT '1' COMMENT 'จำนวนครั้งที่เล่น',
  `completed_at` datetime DEFAULT CURRENT_TIMESTAMP
) ENGINE=InnoDB DEFAULT CHARSET=utf8mb4 COLLATE=utf8mb4_0900_ai_ci;

--
-- Dumping data for table `progress`
--

-- Demo/progress data is generated by database/multi_school_migration.sql.

-- --------------------------------------------------------

--
-- Table structure for table `project_likes`
--

CREATE TABLE `project_likes` (
  `id` int NOT NULL,
  `user_id` int NOT NULL,
  `work_id` int NOT NULL,
  `created_at` timestamp NULL DEFAULT CURRENT_TIMESTAMP
) ENGINE=InnoDB DEFAULT CHARSET=utf8mb4 COLLATE=utf8mb4_0900_ai_ci;

--
-- Dumping data for table `project_likes`
--

-- Demo/project like data is generated by database/multi_school_migration.sql.

-- --------------------------------------------------------

--
-- Table structure for table `stages`
--

CREATE TABLE `stages` (
  `id` int NOT NULL,
  `game_id` int NOT NULL,
  `stage_number` int NOT NULL,
  `title` varchar(255) DEFAULT NULL,
  `instruction` text,
  `content_json` json DEFAULT NULL
) ENGINE=InnoDB DEFAULT CHARSET=utf8mb4 COLLATE=utf8mb4_0900_ai_ci;

--
-- Dumping data for table `stages`
--

INSERT INTO `stages` (`id`, `game_id`, `stage_number`, `title`, `instruction`, `content_json`) VALUES
(1, 1, 1, 'แยกแยะเมล็ดพันธุ์', 'สังเกตและลากเมล็ดพันธุ์ข้าวที่สมบูรณ์ลงในตะกร้า', NULL),
(2, 1, 2, 'จัดหมวดหมู่ปุ๋ย', 'แยกประเภทปุ๋ยอินทรีย์และเคมีตามสีของกระสอบให้ถูกต้อง', NULL),
(3, 1, 3, 'นักคัดกรองวัชพืช', 'มองหาและกำจัดวัชพืชที่ซ่อนตัวอยู่แปลงผักตามเงื่อนไขที่กำหนด', NULL),
(4, 2, 1, 'เดินหน้าสู่แปลงนา', 'ต่อบล็อกคำสั่งเดินหน้า เพื่อพารถไถไปถึงแปลงนาที่กำหนด', NULL),
(5, 2, 2, 'หลบหลีกกองฟาง', 'เขียนคำสั่งให้รถไถเดินและเลี้ยวหลบกองฟางไปให้ถึงเป้าหมาย', NULL),
(6, 2, 3, 'เก็บเกี่ยวผลผลิต', 'วางแผนเส้นทางให้รถไถเก็บผลผลิตครบทุกจุด แล้วกลับถึงโรงนา', NULL),
(7, 3, 1, 'โรงคัดผักสวนครัว', 'เกมที่ 1 ฝึกใช้ If เพื่อจับเงื่อนไขพิเศษของผลผลิตจากพืชผัก', NULL),
(8, 3, 2, 'โรงคัดผลไม้แสนอร่อย', 'เกมที่ 2 ฝึกใช้ If / Else เพื่อแยกผลไม้เป็น 2 เส้นทาง', NULL),
(9, 3, 3, 'โรงคัดผลผลิตจากฟาร์มสัตว์', 'เกมที่ 3 ฝึกใช้ If / Else If / Else เพื่อคัดเกรดผลผลิตหลายระดับ', NULL),
(10, 4, 1, 'ขั้นตอนที่ผิดเพี้ยน', 'มีคนเรียงลำดับการปลูกข้าวผิด! จงสลับตำแหน่งให้ถูกต้อง', NULL),
(11, 4, 2, 'รถไถหลงทาง', 'แก้ไขบั๊กในบล็อกคำสั่งที่ทำให้รถไถชนสิ่งกีดขวางหรือหลงทาง', NULL),
(12, 4, 3, 'วิกฤตน้ำท่วมฟาร์ม', 'ระบบเซ็นเซอร์ทำงานผิดพลาด ค้นหาและแก้บั๊กเพื่อป้องกันน้ำท่วมแปลง', NULL);

-- --------------------------------------------------------

--
-- Table structure for table `student_works`
--

CREATE TABLE `student_works` (
  `id` int NOT NULL,
  `user_id` int NOT NULL,
  `game_id` int NOT NULL,
  `work_data` text CHARACTER SET utf8mb4 COLLATE utf8mb4_unicode_ci NOT NULL COMMENT 'เก็บพิกัด JSON',
  `description` text CHARACTER SET utf8mb4 COLLATE utf8mb4_unicode_ci NOT NULL COMMENT 'คำอธิบายของเด็ก',
  `status` enum('pending','submitted','reviewed','revision') COLLATE utf8mb4_unicode_ci NOT NULL DEFAULT 'pending',
  `feedback` text CHARACTER SET utf8mb4 COLLATE utf8mb4_unicode_ci,
  `submitted_at` datetime DEFAULT CURRENT_TIMESTAMP
) ENGINE=InnoDB DEFAULT CHARSET=utf8mb4 COLLATE=utf8mb4_unicode_ci;

--
-- Dumping data for table `student_works`
--

-- Demo/student work data is generated by database/multi_school_migration.sql.

-- --------------------------------------------------------

--
-- Table structure for table `system_settings`
--

CREATE TABLE `system_settings` (
  `setting_key` varchar(50) NOT NULL,
  `setting_value` varchar(255) DEFAULT NULL
) ENGINE=InnoDB DEFAULT CHARSET=utf8mb4 COLLATE=utf8mb4_0900_ai_ci;

--
-- Dumping data for table `system_settings`
--

INSERT INTO `system_settings` (`setting_key`, `setting_value`) VALUES
('class_status', 'active'),
('navigation_status', 'unlocked');

-- --------------------------------------------------------

--
-- Table structure for table `titles`
--

CREATE TABLE `titles` (
  `id` int NOT NULL,
  `title_name` varchar(100) NOT NULL,
  `min_stars_required` int NOT NULL,
  `css_class` varchar(100) DEFAULT NULL
) ENGINE=InnoDB DEFAULT CHARSET=utf8mb4 COLLATE=utf8mb4_0900_ai_ci;

--
-- Dumping data for table `titles`
--

INSERT INTO `titles` (`id`, `title_name`, `min_stars_required`, `css_class`) VALUES
(1, 'นักคิดเริ่มต้น', 0, 'rank-badge rank-starter'),
(2, 'นักสำรวจข้อมูล', 5, 'rank-badge rank-explorer'),
(3, 'นักคิดตรรกะ', 10, 'rank-badge rank-logic'),
(4, 'นักวางลำดับขั้นตอน', 15, 'rank-badge rank-coder'),
(5, 'ผู้เชี่ยวชาญแพทเทิร์น', 20, 'rank-badge rank-pattern'),
(6, 'นักแก้ไขปัญหา', 25, 'rank-badge rank-engineer'),
(7, 'จอมวางแผน', 30, 'rank-badge rank-architect'),
(8, 'วิศวกรอัลกอริทึม', 35, 'rank-badge rank-master'),
(9, 'สถาปนิกผังงาน', 40, 'rank-badge rank-grandmaster'),
(10, '⭐ Problem Solving Hero ⭐', 45, 'rank-badge rank-legend');

-- --------------------------------------------------------

--
-- Table structure for table `users`
--

CREATE TABLE `users` (
  `user_id` int NOT NULL,
  `student_id` varchar(20) NOT NULL,
  `name` varchar(100) NOT NULL,
  `class_level` varchar(10) DEFAULT NULL,
  `password` varchar(255) NOT NULL,
  `role` enum('student','admin') DEFAULT 'student',
  `created_at` timestamp NULL DEFAULT CURRENT_TIMESTAMP,
  `last_seen` timestamp NULL DEFAULT NULL,
  `team_id` varchar(50) DEFAULT NULL COMMENT 'ID ของทีมในเซสชันนั้นๆ',
  `mode` enum('solo','group') DEFAULT NULL,
  `team_role` varchar(20) DEFAULT NULL COMMENT 'บทบาทในทีม (เช่น driver, navigator)',
  `group_number` int DEFAULT NULL COMMENT 'หมายเลขกลุ่ม (1-8)'
) ENGINE=InnoDB DEFAULT CHARSET=utf8mb4 COLLATE=utf8mb4_0900_ai_ci;

--
-- Dumping data for table `users`
--

INSERT INTO `users` (`user_id`, `student_id`, `name`, `class_level`, `password`, `role`, `created_at`, `last_seen`, `team_id`, `mode`, `team_role`, `group_number`) VALUES
(1, 'admin', 'ผู้ดูแลระบบ', NULL, '$2y$10$rVth9N8rAGirBUBMMpbpDuLwYf0vYyf.SYBuDudRut1r6XEcmi886', 'admin', '2026-01-11 17:22:45', NULL, NULL, NULL, NULL, NULL);

--
-- Indexes for dumped tables
--

--
-- Indexes for table `games`
--
ALTER TABLE `games`
  ADD PRIMARY KEY (`id`),
  ADD UNIQUE KEY `code` (`code`);

--
-- Indexes for table `game_logs`
--
ALTER TABLE `game_logs`
  ADD PRIMARY KEY (`id`),
  ADD KEY `user_id` (`user_id`),
  ADD KEY `stage_id` (`stage_id`);

--
-- Indexes for table `progress`
--
ALTER TABLE `progress`
  ADD PRIMARY KEY (`id`),
  ADD UNIQUE KEY `user_stage_unique` (`user_id`,`stage_id`),
  ADD KEY `stage_id` (`stage_id`);

--
-- Indexes for table `project_likes`
--
ALTER TABLE `project_likes`
  ADD PRIMARY KEY (`id`),
  ADD UNIQUE KEY `unique_like` (`user_id`,`work_id`);

--
-- Indexes for table `stages`
--
ALTER TABLE `stages`
  ADD PRIMARY KEY (`id`),
  ADD KEY `game_id` (`game_id`);

--
-- Indexes for table `student_works`
--
ALTER TABLE `student_works`
  ADD PRIMARY KEY (`id`);

--
-- Indexes for table `system_settings`
--
ALTER TABLE `system_settings`
  ADD PRIMARY KEY (`setting_key`);

--
-- Indexes for table `titles`
--
ALTER TABLE `titles`
  ADD PRIMARY KEY (`id`),
  ADD UNIQUE KEY `title_name` (`title_name`),
  ADD UNIQUE KEY `min_stars_required` (`min_stars_required`);

--
-- Indexes for table `users`
--
ALTER TABLE `users`
  ADD PRIMARY KEY (`user_id`),
  ADD UNIQUE KEY `student_id` (`student_id`);

--
-- AUTO_INCREMENT for dumped tables
--

--
-- AUTO_INCREMENT for table `games`
--
ALTER TABLE `games`
  MODIFY `id` int NOT NULL AUTO_INCREMENT, AUTO_INCREMENT=5;

--
-- AUTO_INCREMENT for table `game_logs`
--
ALTER TABLE `game_logs`
  MODIFY `id` int NOT NULL AUTO_INCREMENT, AUTO_INCREMENT=93;

--
-- AUTO_INCREMENT for table `progress`
--
ALTER TABLE `progress`
  MODIFY `id` int NOT NULL AUTO_INCREMENT, AUTO_INCREMENT=8;

--
-- AUTO_INCREMENT for table `project_likes`
--
ALTER TABLE `project_likes`
  MODIFY `id` int NOT NULL AUTO_INCREMENT, AUTO_INCREMENT=3;

--
-- AUTO_INCREMENT for table `stages`
--
ALTER TABLE `stages`
  MODIFY `id` int NOT NULL AUTO_INCREMENT, AUTO_INCREMENT=13;

--
-- AUTO_INCREMENT for table `student_works`
--
ALTER TABLE `student_works`
  MODIFY `id` int NOT NULL AUTO_INCREMENT, AUTO_INCREMENT=2;

--
-- AUTO_INCREMENT for table `titles`
--
ALTER TABLE `titles`
  MODIFY `id` int NOT NULL AUTO_INCREMENT, AUTO_INCREMENT=11;

--
-- AUTO_INCREMENT for table `users`
--
ALTER TABLE `users`
  MODIFY `user_id` int NOT NULL AUTO_INCREMENT, AUTO_INCREMENT=33;

--
-- Constraints for dumped tables
--

--
-- Constraints for table `game_logs`
--
ALTER TABLE `game_logs`
  ADD CONSTRAINT `game_logs_ibfk_1` FOREIGN KEY (`user_id`) REFERENCES `users` (`user_id`) ON DELETE CASCADE,
  ADD CONSTRAINT `game_logs_ibfk_2` FOREIGN KEY (`stage_id`) REFERENCES `stages` (`id`) ON DELETE CASCADE;

--
-- Constraints for table `progress`
--
ALTER TABLE `progress`
  ADD CONSTRAINT `progress_ibfk_1` FOREIGN KEY (`user_id`) REFERENCES `users` (`user_id`) ON DELETE CASCADE,
  ADD CONSTRAINT `progress_ibfk_2` FOREIGN KEY (`stage_id`) REFERENCES `stages` (`id`) ON DELETE CASCADE;

--
-- Constraints for table `stages`
--
ALTER TABLE `stages`
  ADD CONSTRAINT `stages_ibfk_1` FOREIGN KEY (`game_id`) REFERENCES `games` (`id`) ON DELETE CASCADE;
COMMIT;

/*!40101 SET CHARACTER_SET_CLIENT=@OLD_CHARACTER_SET_CLIENT */;
/*!40101 SET CHARACTER_SET_RESULTS=@OLD_CHARACTER_SET_RESULTS */;
/*!40101 SET COLLATION_CONNECTION=@OLD_COLLATION_CONNECTION */;
